{
  "log30-3-2022": [
    {
      "id": "l1dbktk7c7tnikk42nc",
      "Status": "git update complete",
      "TimePushed": "3/30/2022, 11:42:15 AM"
    },
    {
      "id": "l1dblxnnpak51lxt9ug",
      "Status": "git update complete",
      "TimePushed": "3/30/2022, 11:43:07 AM"
    },
    {
      "id": "l1dbn6a4lg2vurym2gi",
      "Status": "git update complete",
      "TimePushed": "3/30/2022, 11:44:05 AM"
    },
    {
      "id": "l1dboiakz98ccm60f0n",
      "Status": "git update complete",
      "TimePushed": "3/30/2022, 11:45:07 AM"
    },
    {
      "id": "l1dbprq7x88t3n4vdr",
      "Status": "git update complete",
      "TimePushed": "3/30/2022, 11:46:06 AM"
    },
    {
      "id": "l1dbr10dzau09ckczh",
      "Status": "git update complete",
      "TimePushed": "3/30/2022, 11:47:05 AM"
    },
    {
      "id": "l1dbsdi0zi9ifx7vgx",
      "Status": "git update complete",
      "TimePushed": "3/30/2022, 11:48:08 AM"
    },
    {
      "id": "l1ddkuzqb0hrjmtlst",
      "Status": "git update complete",
      "TimePushed": "3/30/2022, 12:38:16 PM"
    },
    {
      "id": "l1ddlxi71rp2wswdm25",
      "Status": "git update complete",
      "TimePushed": "3/30/2022, 12:39:06 PM"
    },
    {
      "id": "l1ddn5shvmcoenv57i",
      "Status": "git update complete",
      "TimePushed": "3/30/2022, 12:40:04 PM"
    },
    {
      "id": "l1ddohqikphzw23b7nd",
      "Status": "git update complete",
      "TimePushed": "3/30/2022, 12:41:06 PM"
    },
    {
      "id": "l1ddpr9ilxcgy6ynqwb",
      "Status": "git update complete",
      "TimePushed": "3/30/2022, 12:42:05 PM"
    },
    {
      "id": "l1ddr1jz6nvzq241wd4",
      "Status": "git update complete",
      "TimePushed": "3/30/2022, 12:43:05 PM"
    },
    {
      "id": "l1ddsbgpzww5ckt1nec",
      "Status": "git update complete",
      "TimePushed": "3/30/2022, 12:44:04 PM"
    },
    {
      "id": "l1ddtlkbn3uq99zzrm",
      "Status": "git update complete",
      "TimePushed": "3/30/2022, 12:45:04 PM"
    },
    {
      "id": "l1dduv7xw8yllntbc1s",
      "Status": "git update complete",
      "TimePushed": "3/30/2022, 12:46:03 PM"
    },
    {
      "id": "l1ddw5sflq1ljfvue2",
      "Status": "git update complete",
      "TimePushed": "3/30/2022, 12:47:04 PM"
    },
    {
      "id": "l1ddxgt3r3l547ek2c",
      "Status": "git update complete",
      "TimePushed": "3/30/2022, 12:48:05 PM"
    },
    {
      "id": "l1ddyqnq26k85ahzw0c",
      "Status": "git update complete",
      "TimePushed": "3/30/2022, 12:49:04 PM"
    },
    {
      "id": "l1de012p5dpjjrvi67f",
      "Status": "git update complete",
      "TimePushed": "3/30/2022, 12:50:04 PM"
    },
    {
      "id": "l1de1cpuyxst0758bq",
      "Status": "git update complete",
      "TimePushed": "3/30/2022, 12:51:06 PM"
    },
    {
      "id": "l1de2xn7bwd4t6nt8g5",
      "Status": "git update complete",
      "TimePushed": "3/30/2022, 12:52:20 PM"
    },
    {
      "id": "l1de3yhm5gpots988in",
      "Status": "git update complete",
      "TimePushed": "3/30/2022, 12:53:07 PM"
    },
    {
      "id": "l1de5agi22hkc2i10pw",
      "Status": "git update complete",
      "TimePushed": "3/30/2022, 12:54:10 PM"
    },
    {
      "id": "l1de6hakwu214t5wd3",
      "Status": "git update complete",
      "TimePushed": "3/30/2022, 12:55:05 PM"
    },
    {
      "id": "l1de7vp4x4bcxlvgd7",
      "Status": "git update complete",
      "TimePushed": "3/30/2022, 12:56:10 PM"
    },
    {
      "id": "l1de92fhoh5tj8iufc9",
      "Status": "git update complete",
      "TimePushed": "3/30/2022, 12:57:06 PM"
    },
    {
      "id": "l1deabp7wn0ffwcxjz8",
      "Status": "git update complete",
      "TimePushed": "3/30/2022, 12:58:04 PM"
    },
    {
      "id": "l1debmvmvx400qso8k",
      "Status": "git update complete",
      "TimePushed": "3/30/2022, 12:59:06 PM"
    },
    {
      "id": "l1decxhcoe2wirrweh",
      "Status": "git update complete",
      "TimePushed": "3/30/2022, 1:00:06 PM"
    },
    {
      "id": "l1deeabruvwkiln5bdk",
      "Status": "git update complete",
      "TimePushed": "3/30/2022, 1:01:09 PM"
    },
    {
      "id": "l1defi0p8ul2xr1irhw",
      "Status": "git update complete",
      "TimePushed": "3/30/2022, 1:02:06 PM"
    },
    {
      "id": "l1degrmbuklfzrrurmp",
      "Status": "git update complete",
      "TimePushed": "3/30/2022, 1:03:05 PM"
    },
    {
      "id": "l1dei8n7jau14qzqm8s",
      "Status": "git update complete",
      "TimePushed": "3/30/2022, 1:04:14 PM"
    },
    {
      "id": "l1dejcskmnsuv09km5g",
      "Status": "git update complete",
      "TimePushed": "3/30/2022, 1:05:06 PM"
    },
    {
      "id": "l1dekncde6pueza5rjh",
      "Status": "git update complete",
      "TimePushed": "3/30/2022, 1:06:06 PM"
    },
    {
      "id": "l1delxk7cch7qh23ntp",
      "Status": "git update complete",
      "TimePushed": "3/30/2022, 1:07:06 PM"
    },
    {
      "id": "l1den8sj0zm326tarnw",
      "Status": "git update complete",
      "TimePushed": "3/30/2022, 1:08:07 PM"
    },
    {
      "id": "l1deoi1hcaf9otvhm0m",
      "Status": "git update complete",
      "TimePushed": "3/30/2022, 1:09:06 PM"
    },
    {
      "id": "l1depw2kkich3waq56m",
      "Status": "git update complete",
      "TimePushed": "3/30/2022, 1:10:11 PM"
    },
    {
      "id": "l1der2iqmsrxm5vyubl",
      "Status": "git update complete",
      "TimePushed": "3/30/2022, 1:11:06 PM"
    },
    {
      "id": "l1descgsa7htblupqmu",
      "Status": "git update complete",
      "TimePushed": "3/30/2022, 1:12:05 PM"
    },
    {
      "id": "l1detl94xi7xhr2y9c",
      "Status": "git update complete",
      "TimePushed": "3/30/2022, 1:13:03 PM"
    },
    {
      "id": "l1deuvhamdh6zu3yhtf",
      "Status": "git update complete",
      "TimePushed": "3/30/2022, 1:14:03 PM"
    },
    {
      "id": "l1dew6gp13ifga5hnebo",
      "Status": "git update complete",
      "TimePushed": "3/30/2022, 1:15:04 PM"
    },
    {
      "id": "l1dexg3r02m6rqda6hbn",
      "Status": "git update complete",
      "TimePushed": "3/30/2022, 1:16:03 PM"
    },
    {
      "id": "l1deyqgndau1hj7k12",
      "Status": "git update complete",
      "TimePushed": "3/30/2022, 1:17:03 PM"
    },
    {
      "id": "l1df00u9mndhd5w1u2",
      "Status": "git update complete",
      "TimePushed": "3/30/2022, 1:18:03 PM"
    },
    {
      "id": "l1df1bv7ko0ozurxbk",
      "Status": "git update complete",
      "TimePushed": "3/30/2022, 1:19:04 PM"
    },
    {
      "id": "l1df2li5uk2y7dh8hh",
      "Status": "git update complete",
      "TimePushed": "3/30/2022, 1:20:04 PM"
    },
    {
      "id": "l1df3w7hornikrg2lfn",
      "Status": "git update complete",
      "TimePushed": "3/30/2022, 1:21:04 PM"
    },
    {
      "id": "l1df55s7xkso7lq5ebm",
      "Status": "git update complete",
      "TimePushed": "3/30/2022, 1:22:03 PM"
    },
    {
      "id": "l1df6g2zc8fofa8dqk4",
      "Status": "git update complete",
      "TimePushed": "3/30/2022, 1:23:03 PM"
    },
    {
      "id": "l1df7yyksg42bd26ma",
      "Status": "git update complete",
      "TimePushed": "3/30/2022, 1:24:14 PM"
    },
    {
      "id": "l1df997tu2cqj500hs",
      "Status": "git update complete",
      "TimePushed": "3/30/2022, 1:25:14 PM"
    },
    {
      "id": "l1dfahnev2jin26qgko",
      "Status": "git update complete",
      "TimePushed": "3/30/2022, 1:26:12 PM"
    },
    {
      "id": "l1dfbow55uc7lm2jb9t",
      "Status": "git update complete",
      "TimePushed": "3/30/2022, 1:27:08 PM"
    },
    {
      "id": "l1dfcy4bx1wnj3jr2d",
      "Status": "git update complete",
      "TimePushed": "3/30/2022, 1:28:06 PM"
    },
    {
      "id": "l1dfe6f2j7begfhlr7",
      "Status": "git update complete",
      "TimePushed": "3/30/2022, 1:29:04 PM"
    },
    {
      "id": "l1dffh0iuurnlo1wuh",
      "Status": "git update complete",
      "TimePushed": "3/30/2022, 1:30:04 PM"
    },
    {
      "id": "l1dfgqvi9m5h1wy2xx",
      "Status": "git update complete",
      "TimePushed": "3/30/2022, 1:31:04 PM"
    },
    {
      "id": "l1dfi1b56hufby5e25j",
      "Status": "git update complete",
      "TimePushed": "3/30/2022, 1:32:04 PM"
    },
    {
      "id": "l1dfjbpih53chssncgv",
      "Status": "git update complete",
      "TimePushed": "3/30/2022, 1:33:04 PM"
    },
    {
      "id": "l1dfkm2h1m2y92e0rju",
      "Status": "git update complete",
      "TimePushed": "3/30/2022, 1:34:04 PM"
    },
    {
      "id": "l1dflvo2yguqpmkqc1",
      "Status": "git update complete",
      "TimePushed": "3/30/2022, 1:35:03 PM"
    },
    {
      "id": "l1dfn64l88f5h8u0jdl",
      "Status": "git update complete",
      "TimePushed": "3/30/2022, 1:36:03 PM"
    },
    {
      "id": "l1dfon4z8al9mmbuc7a",
      "Status": "git update complete",
      "TimePushed": "3/30/2022, 1:37:12 PM"
    },
    {
      "id": "l1dfpz83wrk5xfvpmjg",
      "Status": "git update complete",
      "TimePushed": "3/30/2022, 1:38:14 PM"
    },
    {
      "id": "l1dfr2a7430exrobx9c",
      "Status": "git update complete",
      "TimePushed": "3/30/2022, 1:39:05 PM"
    },
    {
      "id": "l1dfsc6ayryx72m153s",
      "Status": "git update complete",
      "TimePushed": "3/30/2022, 1:40:05 PM"
    },
    {
      "id": "l1dftnodh8q1baleni",
      "Status": "git update complete",
      "TimePushed": "3/30/2022, 1:41:06 PM"
    },
    {
      "id": "l1dfuyhemfnkp8p39n",
      "Status": "git update complete",
      "TimePushed": "3/30/2022, 1:42:07 PM"
    },
    {
      "id": "l1dfwauz0p5c92y3yo4",
      "Status": "git update complete",
      "TimePushed": "3/30/2022, 1:43:09 PM"
    },
    {
      "id": "l1dfxhwsgdsxs7bjtz5",
      "Status": "git update complete",
      "TimePushed": "3/30/2022, 1:44:05 PM"
    },
    {
      "id": "l1dfyqveb5d6yu4c7o7",
      "Status": "git update complete",
      "TimePushed": "3/30/2022, 1:45:04 PM"
    },
    {
      "id": "l1dg01a065i1am9sn1i",
      "Status": "git update complete",
      "TimePushed": "3/30/2022, 1:46:04 PM"
    },
    {
      "id": "l1dg1cvbq9yiepvrwtd",
      "Status": "git update complete",
      "TimePushed": "3/30/2022, 1:47:05 PM"
    },
    {
      "id": "l1dg2ltmw6w0cy17df",
      "Status": "git update complete",
      "TimePushed": "3/30/2022, 1:48:04 PM"
    },
    {
      "id": "l1dg3wbg51fk1t64rcn",
      "Status": "git update complete",
      "TimePushed": "3/30/2022, 1:49:04 PM"
    },
    {
      "id": "l1dg56umplpbqpgry0n",
      "Status": "git update complete",
      "TimePushed": "3/30/2022, 1:50:04 PM"
    },
    {
      "id": "l1dg6gbkql9n39x9a7e",
      "Status": "git update complete",
      "TimePushed": "3/30/2022, 1:51:03 PM"
    },
    {
      "id": "l1dg7qndjvj0r1jae5l",
      "Status": "git update complete",
      "TimePushed": "3/30/2022, 1:52:03 PM"
    },
    {
      "id": "l1dg912ms69hsnoiyhd",
      "Status": "git update complete",
      "TimePushed": "3/30/2022, 1:53:03 PM"
    },
    {
      "id": "l1dgai7nqi599cdixfb",
      "Status": "git update complete",
      "TimePushed": "3/30/2022, 1:54:12 PM"
    },
    {
      "id": "l1dgbtdfcnrpc02l03n",
      "Status": "git update complete",
      "TimePushed": "3/30/2022, 1:55:13 PM"
    },
    {
      "id": "l1dgczqfp6pd81tpcpf",
      "Status": "git update complete",
      "TimePushed": "3/30/2022, 1:56:08 PM"
    },
    {
      "id": "l1dge7f1dx5wq424cz5",
      "Status": "git update complete",
      "TimePushed": "3/30/2022, 1:57:05 PM"
    },
    {
      "id": "l1dgfswa38sl0udxdjf",
      "Status": "git update complete",
      "TimePushed": "3/30/2022, 1:58:19 PM"
    },
    {
      "id": "l1dggv36uvk75lkyvq",
      "Status": "git update complete",
      "TimePushed": "3/30/2022, 1:59:09 PM"
    },
    {
      "id": "l1dgi6warcv0ue6mnve",
      "Status": "git update complete",
      "TimePushed": "3/30/2022, 2:00:11 PM"
    },
    {
      "id": "l1dgjcuriaywb6qpsse",
      "Status": "git update complete",
      "TimePushed": "3/30/2022, 2:01:05 PM"
    },
    {
      "id": "l1dgkmadq36r6xq7tds",
      "Status": "git update complete",
      "TimePushed": "3/30/2022, 2:02:04 PM"
    },
    {
      "id": "l1dglx5i0e3nvmqn0v7b",
      "Status": "git update complete",
      "TimePushed": "3/30/2022, 2:03:05 PM"
    },
    {
      "id": "l1dgn7upz6ti6j1kzm",
      "Status": "git update complete",
      "TimePushed": "3/30/2022, 2:04:05 PM"
    },
    {
      "id": "l1dgogwjw2dpgjh6vca",
      "Status": "git update complete",
      "TimePushed": "3/30/2022, 2:05:04 PM"
    },
    {
      "id": "l1dgprn0cvrwqxcz9y",
      "Status": "git update complete",
      "TimePushed": "3/30/2022, 2:06:04 PM"
    },
    {
      "id": "l1dgr2d3dekih70rwxa",
      "Status": "git update complete",
      "TimePushed": "3/30/2022, 2:07:05 PM"
    },
    {
      "id": "l1dgsss7p96zysygwis",
      "Status": "nothing to commit, working tree clean",
      "TimePushed": "3/30/2022, 2:08:26 PM"
    },
    {
      "id": "l1dgu00yoq16206disq",
      "Status": "nothing to commit, working tree clean",
      "TimePushed": "3/30/2022, 2:09:22 PM"
    },
    {
      "id": "l1dgva35wol13dfbhv",
      "Status": "git update complete",
      "TimePushed": "3/30/2022, 2:10:21 PM"
    },
    {
      "id": "l1dgw5cuwn5edbz68c",
      "Status": "nothing to commit, working tree clean",
      "TimePushed": "3/30/2022, 2:11:02 PM"
    },
    {
      "id": "l1dgxj27ncctqoj8awi",
      "Status": "git update complete",
      "TimePushed": "3/30/2022, 2:12:06 PM"
    }
  ]
}